{
  "ashes and blood woodkid": 245.626667,
  "ma meilleure ennemie stromae": 147.973333,
  "enemy imagine dragons": 173.381247,
  "bling bang bang born creepy nuts": 168.135667,
  "cruel angel's thesis": 245.333333,
  "goodbye arcane": 230.985057,
  "playground arcane": 230.525624,
  "our love arcane": 218.24873,
  "new me yoasobi": 206.129458,
  "come play stray kids arcane": 161.666667,
  "sucker arcane marcus king": 224.293333,
  "blood sweat & tears arcane": 222.866667,
  "paint the town blue arcane": 114.6,
  "this ffire": 212.76,
  "lemon kenshi": 255.826667,
  "kick back kenshi": 193.495146,
  "river anonymouz": 197.997917,
  "blue yung kai": 214.357347,
  "the brave yoasobi": 194.423084,
  "horimiya": 253.053333,
  "idol yoasobi": 211.733333,
  "calendula requiem kanon x kanon": 318.066667,
  "i really want to stay at your house rosa walton": 246.652708,
  "stay alive re:zero": 267.066667,
  "unalive calliope mori": 316,
  "suzume radwimps": 236.39093
}
